Vardion	http://en.wikipedia.org
David Liuzzo	http://commons.wikimedia.org/wiki/User:David_Liuzzo
Aivazovsky	http://en.wikipedia.org
Prateek Karandikar	http://en.wikipedia.org
Scared Poet	http://scaredpoet.com
Morio	http://commons.wikimedia.org/wiki/User:Morio
U.S. federal government	\N
Rama	http://commons.wikimedia.org/wiki/User:Rama
Quantumcomputing	http://en.wikipedia.org
Alex Amies	http://chinesenotes.com
Pcb21	http://en.wikipedia.org
Swollib	http://en.wikipedia.org
Nat Krause	http://en.wikipedia.org
Frederik de Wit	http://en.wikipedia.org
Jim Wisniewski	http://en.wikipedia.org
Fir0002	http://en.wikipedia.org/wiki/User:Fir0002
Jurema Oliveira	http://en.wikipedia.org
Tostie14	http://www.flickr.com/photos/tostie14/93877390/
P.K.Niyogi	http://en.wikipedia.org
BK-Thorsten	http://en.wikipedia.org
John	http://en.wikipedia.org
Pollinator	http://en.wikipedia.org/wiki/User:Pollinator
Srahman	http://en.wikipedia.org
Arpingstone	http://commons.wikimedia.org/wiki/User:Arpingstone
Ariel Steiner	http://en.wikipedia.org
Thetruthaboutfgs	http://en.wikipedia.org
Tobias Biehl	http://en.wikipedia.org
David Cannon	http://en.wikipedia.org
GK tramrunner	http://en.wikipedia.org
Infrogmation	http://en.wikipedia.org
Snowjackal	http://en.wikipedia.org
ChrisO	http://en.wikipedia.org
Guillermo Ramos Flamerich	http://en.wikipedia.org
Pottery Okinawa Japan	http://en.wikipedia.org
DhJ	http://en.wikipedia.org
Matthew Bowden	http://www.digitallyrefreshing.com/
Kelvinc	http://commons.wikimedia.org
Ogkelt	http://en.wikipedia.org
LordAntagonist	http://en.wikipedia.org
Rei-artur	http://en.wikipedia.org
Tokyo National Museum	http://www.tnm.go.jp
A-giâu	http://en.wikipedia.org
Ssolbergj	http://en.wikipedia.org
Deepak Gupta	http://en.wikipedia.org
Bjarki S	http://en.wikipedia.org
Csman	http://en.wikipedia.org
Scudero	http://en.wikipedia.org
MaCRoEco	http://en.wikipedia.org
Quizimodo	http://en.wikipedia.org
Deliogul	http://en.wikipedia.org
Aristovoul0s	http://en.wikipedia.org
Alanmak	http://en.wikipedia.org
Derek Ramsey	http://en.wikipedia.org
Albanian government	\N
Algerian government	\N
European Central Bank	\N
Argentine government	\N
Australian government	\N
Canadian government	\N
Chinese government	\N
Cuban government	\N
Egyptian government	\N
Indian government	\N
Japanese government	\N
Malaysian government	\N
Mongolian government	\N
Nepalese government	\N
New Zealand government	\N
Omani government	\N
Russian government	\N
Singapore government	\N
South African government	\N
South Korean government	\N
Thai government	\N
United Arab Emirates government	\N
UK government	\N
Angolan government	\N
Eastern Caribbean Central Bank	\N
Barbados government	\N
Bahamanian government	\N
Pakistani government	\N
Paraguay government	\N
Bahrain government	\N
Brazilian government	\N
Bermuda government	\N
Bulgarian government	\N
Bank of the Central African States	\N
Peruvian government	\N
Iceland government	\N
Polish government	\N
Bolivia government	\N
Botswana government	\N
Belize government	\N
Bhutan government	\N
Burundi government	\N
Dominican government	\N
Overseas Issuing Institute	\N
Philippine government	\N
Fiji government	\N
Cape Verde government	\N
Gambian government	\N
Colombian government	\N
Costa Rican government	\N
Guyana government	\N
Haiti government	\N
Honduras government	\N
Guinea government	\N
Cambodian government	\N
Czech government	\N
Zimbabwe government	\N
Qatar government	\N
Cayman Islands government	\N
Kuwaiti government	\N
Kenyan government	\N
Laos government	\N
Lebanese government	\N
Liberian government	\N
Libyan government	\N
Rwanda government	\N
Romanian government	\N
Madagascar government	\N
Maldivian government	\N
Maltese government	\N
British government	\N
Malawian government	\N
Mauritian government	\N
Bangladesh government	\N
Myanmar government	\N
Moroccan government	\N
Mozambique government	\N
Mexican government	\N
Nicaraguan government	\N
Nigerian government	\N
Norwegian government	\N
Swedish government	\N
Swiss government	\N
Sierra Leone government	\N
Cypriot government	\N
Seychelles government	\N
Saudi government	\N
Swaziland government	\N
Sudanese government	\N
Suriname government	\N
Somali government	\N
Tongan government	\N
Tunisian government	\N
Turkish government	\N
Guatemala government	\N
Venezuelan government	\N
Brunei government	\N
Uruguayan government	\N
Hong Kong government	\N
ROC government	\N
Macau government	\N
Samoan government	\N
Hungarian government	\N
Yemeni government	\N
Iraqi government	\N
Iranian government	\N
Indonesian government	\N
Jordan government	\N
Vietnamese government	\N
Zambian government	\N
Zaire government	\N
Chilean government	\N
Georgiost	\N
Javier Martin	\N
Agência Brasil	http://www.radiobras.gov.br/estatico/
Farazilu	http://farazilu.blogspot.com/
Tungsten	http://en.wikipedia.org
Bertil Videt	http://www.videt.dk/
Kotofeij K. Bajun	http://en.wikipedia.org
Jackie	http://flickr.com/photos/79874304@N00
Smith2006	http://en.wikipedia.org
Cameron McKenzie	http://en.wikipedia.org/wiki/User:Cam5179
Grendelkhan	http://en.wikipedia.org
Hydrargyrum	http://en.wikipedia.org
Lykaestria	http://en.wikipedia.org
D.M. Vernon	http://en.wikipedia.org
Aaron Logan	http://www.lightmatter.net/gallery/albums.php
Kabir Bakie	http://en.wikipedia.org
Peter Bennett	http://www.publunch.plus.com/
BigRiz	http://en.wikipedia.org
Marco Bonavoglia	http://www.buddhismus.at
RadRafe	http://en.wikipedia.org
Bluuurgh	http://en.wikipedia.org
Agência Brasil	http://www.agenciabrasil.gov.br/
Finnish government	\N
United Kingdom Government	\N
Zereshk	http://en.wikipedia.org/wiki/User:Zereshk
Nixdorf	http://en.wikipedia.org
David.Monniaux	http://en.wikipedia.org
Paul Vlaar	http://www.neep.net/photo/blog/
Dave Hogg	http://www.flickr.com/photos/davehogg
Nemo5576	http://en.wikipedia.org
Mikael Marguerie	http://www.flickr.com/photos/spaceflattener
Department of Histology, Jagiellonian University Medical College	http://www.histologia.cm-uj.krakow.pl/index.html
Thomas Blomberg	http://en.wikipedia.org/wiki/User:Thomas_Blomberg
Ran	http://en.wikipedia.org/wiki/User:Ran
Anthony Atkielski	http://en.wikipedia.org
Rdikeman	http://en.wikipedia.org/wiki/User:Rdikeman
Layne Norton	http://en.wikipedia.org
Yug	http://en.wikipedia.org
Jaeger5432	http://en.wikipedia.org/wiki/User:Jaeger5432
magnaram	http://www.flickr.com/photos/42299655@N00
Sebastian Ritter	http://commons.wikimedia.org/wiki/User:Rise0011
Dacxjo	http://en.wikipedia.org
Luis García	http://en.wikipedia.org
Hgrobe	http://commons.wikimedia.org/wiki/User:Hgrobe
Nieuw	http://commons.wikimedia.org/wiki/User:Nieuw
Gray	\N
JesseNickles	http://www.jessenickles.com/
Bios	http://commons.wikimedia.org/wiki/User:Bios
Darkness1089	http://en.wikipedia.org
Naus	http://en.wikipedia.org
Kowloonese	http://en.wikipedia.org/wiki/User:Kowloonese
John Walker	http://en.wikipedia.org
Mav	http://en.wikipedia.org/wiki/User:Maveric149
Schneelocke	http://commons.wikimedia.org/wiki/User:Schneelocke
Sewwhat1	http://en.wikipedia.org/wiki/User:Sewwhat1
Edward S. Curtis	http://en.wikipedia.org/wiki/Edward_S._Curtis
ShahJahan	http://en.wikipedia.org/wiki/User:ShahJahan
Matthias Kabel	http://en.wikipedia.org
J-E Nyström	\N
Richman271	http://en.wikipedia.org
LupinBot	http://en.wikipedia.org/wiki/User:LupinBot
Airunp	http://commons.wikimedia.org/wiki/User:Airunp
Rolfmueller	http://en.wikipedia.org
Plastictv	http://en.wikipedia.org
Arthur Saxon	\N
Croquant	http://fr.wikipedia.org/wiki/Utilisateur:Croquant
Adamantios	http://en.wikipedia.org
Rev	http://en.wikipedia.org
Sergei Frolov	http://rk86.com/frolov/
Andrew Dunn	http://www.andrewdunnphoto.com/
Ivan Pope	http://en.wikipedia.org
Peter John Bishop	[http://en.wikipedia.org/wiki/User:PeterJohnBishop
WriterHound	http://en.wikipedia.org/wiki/User:WriterHound
SOS	http://en.wikipedia.org
C J Cowie	http://en.wikipedia.org/wiki/User:C_J_Cowie
Michael Diederich	http://en.wikipedia.org
Minesweeper	http://en.wikipedia.org/wiki/User:Minesweeper
Michael Fosu b.	http://en.wikipedia.org
Mozilla Foundation	http://mozilla.org
Google	http://www.google.com
Dave Indech	http://en.wikipedia.org
Knutux	http://en.wikipedia.org
Asim18	http://en.wikipedia.org
Helix84	http://en.wikipedia.org
Mac	http://en.wikipedia.org
Saperaud	http://en.wikipedia.org
Atanamir	http://commons.wikimedia.org/wiki/User:Atanamir
Paul Gauguin	http://commons.wikimedia.org/wiki/Paul_Gauguin
Donarreiskoffer	http://commons.wikimedia.org/wiki/User:Donarreiskoffer
dbking	http://www.flickr.com/photos/bootbearwdc/
topgold	http://flickr.com/photos/44124366475@N01
European Chemicals Bureau	\N
Raul654	http://en.wikipedia.org/wiki/User:Raul654
Jan van der Crabben	http://en.wikipedia.org
Cisco Systems	http://www.cisco.com/
Erin Silversmith	http://en.wikipedia.org
Jiang	http://commons.wikimedia.org/wiki/User:Jiang
Adrian Pingstone	http://commons.wikimedia.org/wiki/User:Arpingstone
Gilabrand	http://en.wikipedia.org/wiki/User:Gilabrand
Thomas and Dianne Jones	http://www.flickr.com/people/96332550@N00
Alan Ford	http://en.wikipedia.org/wiki/User:AlanFord
Jandrinov	http://en.wikipedia.org
Gsklee	http://en.wikipedia.org/wiki/User:Gsklee
Charlie Huang	http://en.wikipedia.org/wiki/User:CharlieHuang
Calvin Teo	http://en.wikipedia.org
wisegorilla	http://www.wisegorilla.com
Tom Harpel	http://www.flickr.com/photos/tomharpel
Jesse Warren	http://flickr.com/photos/15431728@N00
Jon Zander	http://commons.wikimedia.org/wiki/User:Digon3
Manja	http://de.wikipedia.org/wiki/Benutzer:Manja
Daniel Craig	http://www.flickr.com/photos/danielcraig/
Decryption512	http://en.wikipedia.org
Maksim	http://en.wikipedia.org
T	http://en.wikipedia.org/wiki/User:T
Khalid Mahmood	http://commons.wikimedia.org/wiki/User:Khalid_Mahmood
Nicholas Moreau	http://en.wikipedia.org
CNRC	http://en.wikipedia.org
Nuno Tavares	http://en.wikipedia.org
Arnold Reinhold	http://en.wikipedia.org
Derekbalsley	http://en.wikipedia.org
Mattes	http://en.wikipedia.org
Zzyzx11	http://en.wikipedia.org
Acubens	http://en.wikipedia.org
maveric2003	http://www.flickr.com/photos/maveric2003/
Richie	http://en.wikipedia.org
Andrew Horne	http://en.wikipedia.org/wiki/User:AndrewHorne
Fanghong	http://commons.wikimedia.org/wiki/User:Fanghong
Huebi	http://en.wikipedia.org
Ixnayonthetimmay	http://en.wikipedia.org/wiki/User:Ixnayonthetimmay
Flcelloguy	http://en.wikipedia.org
Xinhua	http://xinhuanet.com/
Poppy	http://en.wikipedia.org
Markus Weiland	http://commons.wikimedia.org/wiki/User:Hullbr3ach
Reisio	http://en.wikipedia.org
Luc Viatour	http://www.lucnix.be/main.php
Leafnode	http://commons.wikimedia.org/wiki/User:Leafnode
Qualc1	http://commons.wikimedia.org/wiki/User:Qualc1
Mountain	http://en.wikipedia.org
PHG	http://en.wikipedia.org/wiki/User:PHG
TongJar322	http://en.wikipedia.org
Marubatsu	http://en.wikipedia.org
Edward Winsor Kemble	\N
Mouser	http://en.wikipedia.org/wiki/User:Mouser
Brian Chu	http://en.wikipedia.org
Dawson	http://en.wikipedia.org/wiki/User:Dawson
TigranMets	http://en.wikipedia.org
Yvette Cendes	http://en.wikipedia.org/wiki/User:Andromeda321
Thomas Hirsch	http://commons.wikimedia.org/wiki/User:Ravn
Ulv	http://en.wikipedia.org
Jon Sullivan	http://en.wikipedia.org
Ian Pitchford	http://en.wikipedia.org/wiki/User:Ian_Pitchford
Ralf Weber	http://www.ralfs-webgalerie.de/
KrAtu	http://en.wikipedia.org
Uwe Kils	http://en.wikipedia.org/wiki/User:Kils
Highshines	http://en.wikipedia.org
NamKhaeng	http://en.wikipedia.org
Naus	http://en.wikipedia.org/wiki/User:Naus
Aram Dulyan	http://en.wikipedia.org/wiki/User:Aramgutang
Hintha	http://commons.wikimedia.org/wiki/User:Hintha
Jialiang Gao	http://www.peace-on-earth.org
Leonardo Da Vinci	\N
sailko	http://commons.wikimedia.org/wiki/User:Sailko
Shawnc	http://en.wikipedia.org/wiki/User:Shawnc
Oren Jack Turner	\N
Apcbg	http://en.wikipedia.org
Nevermind2	http://commons.wikimedia.org/wiki/User:Nevermind2
Stan Shebs	http://commons.wikimedia.org/wiki/User:Stan_Shebs
Wapcaplet	http://en.wikipedia.org
Tang Zu-Ming	http://en.wikipedia.org/wiki/User:Tang_Zu-Ming
John Manuel	http://en.wikipedia.org
Hynek Moravec	http://en.wikipedia.org
Holger Behr	http://en.wikipedia.org
Simon Greter	http://en.wikipedia.org
Dozenist	http://commons.wikimedia.org/wiki/User:Dozenist
Rodzilla	http://en.wikipedia.org/wiki/User:Rodzilla
Hijau	http://en.wikipedia.org
Dbachmann	http://en.wikipedia.org
Steve Evans	http://flickr.com/photos/64749744@N00
Joonasl	http://en.wikipedia.org
Claude Renault	http://www.flickr.com/people/clodreno/
Tracy Hunter	http://www.flickr.com/people/tracyhunter/
Sjschen	http://en.wikipedia.org/wiki/User:Sjschen
Jacob Windham	http://flickr.com/photos/44124451499@N01
AlaskaMining	http://en.wikipedia.org
Andreas-B	http://www.kuka.com/
Nick Gorton	http://en.wikipedia.org
Ignis	http://commons.wikimedia.org/wiki/User:Ignis
Henry Gray	\N
Petercantfail	http://en.wikipedia.org/wiki/User:Petercantfail
Thomas Kennington	\N
Gleam	http://en.wikipedia.org
AlphaFox1975	http://en.wikipedia.org
Francesco Hayez	http://en.wikipedia.org/wiki/Francesco_Hayez
Hadal	http://nl.wikipedia.org/wiki/Gebruiker:Hadal
Malene Thyssen	http://commons.wikimedia.org/wiki/User:Malene
Jako	http://en.wikipedia.org
David Shankbone	http://commons.wikimedia.org/wiki/User:DavidShankbone
Skippy Adelman	\N
PJ	http://commons.wikimedia.org/wiki/User:PJ
Barry Goyette	http://www.flickr.com/people/93765931@N00
Jacob Rus	http://en.wikipedia.org
Rebecca Arnett	http://www.flickr.com/people/34427465504@N01
Maximaximax	http://en.wikipedia.org
LHOON	http://en.wikipedia.org/wiki/User:LHOON
Arnold Reinhold	http://en.wikipedia.org
Luis Fernández García	http://en.wikipedia.org
Lascorz	http://en.wikipedia.org
ImmortalGoddezz	http://en.wikipedia.org/wiki/User:ImmortalGoddezz
Mediatus	http://en.wikipedia.org
Douglas Rahden	http://en.wikipedia.org/wiki/User:Chupper
Paginazero	http://en.wikipedia.org
NickGorton	http://en.wikipedia.org
Anthony5429	http://en.wikipedia.org/wiki/User:Anthony5429
Nathaniel C. Sheetz	http://en.wikipedia.org
Jonnyt	http://en.wikipedia.org
Erin Silversmith	http://commons.wikimedia.org/wiki/User:Chamaeleon
Jackus2008	http://en.wikipedia.org
HenryLi	http://en.wikipedia.org
Daniel Mayer	http://en.wikipedia.org/wiki/User:Maveric149
David Monniaux	http://commons.wikimedia.org/wiki/User:David.Monniaux
Stefan Kühn	http://commons.wikimedia.org/wiki/User:Stefan_K%C3%BChn
David Iliff	http://en.wikipedia.org/wiki/User:Diliff
Brutzman, Donald P.	\N
Alex Voerman	http://en.wikipedia.org/wiki/User:Aviper2k7
László Szalai	http://commons.wikimedia.org/wiki/User:Beyond_silence
Clee7903	http://en.wikipedia.org
Bjarte Hetland	http://en.wikipedia.org
Dan Smith	http://commons.wikimedia.org/wiki/User:Rdsmith4
Rick Dikeman	http://en.wikipedia.org/wiki/User:Rdikeman
Ahoerstemeier	http://en.wikipedia.org
nickandmel2006	http://flickr.com/photos/nickandmel/
Amos E Wolfe	http://en.wikipedia.org/wiki/User:AmosWolfe
ChiemseeMan	http://de.wikipedia.org/wiki/Benutzer:ChiemseeMan
R.Wampers	http://en.wikipedia.org
Michel Marcon	http://www.sxc.hu/browse.phtml?f=profile&l=michelsick
Mila Zinkova	http://home.comcast.net/~milazinkova/Fogshadow.html
Elena Campos Cea	http://www.flickr.com/people/photo_sintesis/
Quadell	http://en.wikipedia.org
Herr Klugbeisser	http://commons.wikimedia.org/wiki/User:Herr_Klugbeisser
OwenX	http://en.wikipedia.org/wiki/User:OwenX
Schnee	http://commons.wikimedia.org/wiki/User:Schneelocke
Richtom80	http://en.wikipedia.org/wiki/User:Richtom80
Benjah-bmm27	http://en.wikipedia.org
Grombo	http://commons.wikimedia.org/wiki/User:Grombo
Audriusa	http://commons.wikimedia.org/wiki/User:Audriusa
Grm wnr	http://en.wikipedia.org/wiki/User:Grm_wnr
Nerval	http://en.wikipedia.org/wiki/User:Nerval
Oldie	http://en.wikipedia.org
Kelvin Kay	http://en.wikipedia.org/wiki/User:Kkmd
ArnoldReinhold	http://en.wikipedia.org
Fruggo	http://en.wikipedia.org
Velela	http://en.wikipedia.org/wiki/User:Velela
lyzadanger	http://www.flickr.com/photos/lyza/49545547
Peter Morgan	http://flickr.com/photos/90933305@N00
Zarni02	http://en.wikipedia.org/wiki/User:Zarni02
Craig Thom	\N
Eric N Fischer	http://en.wikipedia.org
Paolo da Reggio	http://en.wikipedia.org
mailer_diablo	http://en.wikipedia.org/wiki/User:Mailer_diablo
Lee Daniel Crocker	http://en.wikipedia.org/wiki/User:Lee_Daniel_Crocker
Toni Lozano	http://www.flickr.com/people/quiero-un-pantano/
Rodwell, G. F	\N
Hoshie	http://commons.wikimedia.org/wiki/User:Hoshie
New York World-Telegram and the Sun	http://memory.loc.gov/ammem/index.html
Miriam Co. Springfield	\N
Evan Izer	http://en.wikipedia.org/wiki/User:Palladian
HB	http://fr.wikipedia.org/wiki/Utilisateur:HB
Lupin	http://en.wikipedia.org/wiki/User:Lupin
Samuel Li	http://en.wikipedia.org/wiki/User:Samxli
Wang Qi	\N
Jan Mehlich	http://commons.wikimedia.org/wiki/User:Lestath
Catherine	http://en.wikipedia.org/wiki/User:CatherineMunro
GreyCat	http://en.wikipedia.org/wiki/User:GreyCat
Dartmouth Electron Microscope Facility	http://remf.dartmouth.edu
Wolfgang Beyer	http://de.wikipedia.org/wiki/Benutzer:Wolfgangbeyer
Ohnoitsjamie	http://en.wikipedia.org/wiki/User:Ohnoitsjamie
Rasbak	http://nl.wikipedia.org/wiki/Gebruiker:Rasbak
Ben W Bell	http://en.wikipedia.org/wiki/User:Ben_W_Bell
TML	http://www.flickr.com/photos/tml/
Than Ball	http://en.wikipedia.org/wiki/User:Than217
AtelierJoly	http://commons.wikimedia.org/wiki/User:AtelierJoly
Mike1024	http://commons.wikimedia.org/wiki/User:Mike1024
Hooman Baradaran	http://www.hoomanb.com/
Michael Pacher	http://commons.wikimedia.org/wiki/Michael_Pacher
Ballista	http://en.wikipedia.org/wiki/User:Ballista
Abrahami	http://en.wikipedia.org
Clemente	http://en.wikipedia.org
Randyoo	http://en.wikipedia.org/wiki/User:Randyoo
Joao Estevao Andrade de Freitas	http://www.sxc.hu/profile/jefras
Anne Jimenes	http://flickr.com/photos/anne_jimenez/
Jeff Dean	http://en.wikipedia.org/wiki/User:Jeff_dean
Michael Linnenbach	http://de.wikipedia.org/wiki/Benutzer:Michael_Linnenbach
Patrick Gruban	http://www.flickr.com/people/19473388@N00
Duk	http://en.wikipedia.org
Alex Brollo	http://en.wikipedia.org
Ies	http://en.wikipedia.org
Karamell	http://en.wikipedia.org
Freddythehat	http://en.wikipedia.org/wiki/User:Freddythehat
Sparkignitor	http://en.wikipedia.org
Wikicheng	http://en.wikipedia.org/wiki/User:Wikicheng
Rohith Ajjampur	http://en.wikipedia.org
Hilcias Salazar	http://www.flickr.com/people/21082312@N07
Steve Lipofsky	http://basketballphoto.com/
Porfitron	http://en.wikipedia.org/wiki/User:Porfitron
Poeloq	http://commons.wikimedia.org/wiki/User:Poeloq
SMcCandlish	http://commons.wikimedia.org/wiki/User:SMcCandlish
Jannisri	http://en.wikipedia.org
Bob Smith	http://www.sxc.hu/browse.phtml?f=profile&l=brainloc
Mu	http://en.wikipedia.org
Jeremy Kemp	http://en.wikipedia.org
Tinette	http://en.wikipedia.org
KVDP	http://en.wikipedia.org
Jacob Ehnmark	http://flickr.com/photos/48600108001@N01
Rama Day Spa	http://www.flickr.com/photos/51035727839@N01/226318202/
Paul.h	http://en.wikipedia.org/wiki/User:Paul.h
NorCalHistory	http://en.wikipedia.org
André Karwath	http://commons.wikimedia.org/wiki/User:Aka
Hajor	http://en.wikipedia.org/wiki/User:Hajor
Daniel De Leon Martinez	http://en.wikipedia.org
DavidArthur	http://commons.wikimedia.org/wiki/User:DavidArthur
Pearson Scott Foresman	http://en.wikipedia.org/wiki/Pearson_Scott_Foresman
Twice25	http://en.wikipedia.org
Lawrence G. Miller	http://en.wikipedia.org/wiki/User:Lawrence_G._Miller
Kyle Hunter	http://en.wikipedia.org/wiki/User:Kphunter
Alanna Ralph	http://www.flickr.com/people/68176028@N00
Lotus Head	http://www.sxc.hu/profile/LotusHead
Steve Hopson	http://en.wikipedia.org/wiki/User:SteveHopson
Edward	http://commons.wikimedia.org/wiki/User:Edward
Joolz	http://en.wikipedia.org/wiki/User:Joolz
Brandon Blinkenberg	http://brandonblinkenberg.com/
Lukasinla	http://en.wikipedia.org
Marcos André	http://en.wikipedia.org
Miskatonic	http://en.wikipedia.org
Nathan Beach	http://en.wikipedia.org
Sebcaen	http://en.wikipedia.org
bjarnith	http://flickr.com/photos/bjarnith/
Jordogbeton	http://en.wikipedia.org
SirGrok	http://en.wikipedia.org/wiki/User:SirGrok
Dickbauch	http://en.wikipedia.org
Jisl	http://en.wikipedia.org
Yosemite	http://commons.wikimedia.org/wiki/User:Yosemite
Ttam	http://en.wikipedia.org/wiki/User:Ttam
Yale University - School of medicine	http://info.med.yale.edu
Amcaja	http://en.wikipedia.org
Aude	http://en.wikipedia.org
Everaldo Coelho	http://www.everaldo.com/
John O'Neill	http://en.wikipedia.org/wiki/User:Jjron
JDoorjam	http://en.wikipedia.org/wiki/User:JDoorjam
SimonP	http://en.wikipedia.org/wiki/User:SimonP
Ludwig Gruber	http://en.wikipedia.org
Douglas Whitaker	http://en.wikipedia.org/wiki/User:Douglas_Whitaker
Maxone999	http://en.wikipedia.org/wiki/User:Maxone999
Takuya Murata	http://jp.wikipedia.org
Tomgally	http://en.wikipedia.org/wiki/User:Tomgally
DTR	http://en.wikipedia.org
WietsE	http://en.wikipedia.org/wiki/User:WietsE
Mdmanser	http://en.wikipedia.org/wiki/User:Mdmanser
United Nations	http://www.un.org/
John Hancock	\N
Cavall Bernat	http://en.wikipedia.org
Nihonsuku	http://en.wikipedia.org
Adam Carr	http://en.wikipedia.org
Athinaios	http://commons.wikimedia.org/wiki/User:Athinaios
Arkyan	http://en.wikipedia.org/wiki/User:Arkyan
Rodolph	http://en.wikipedia.org/wiki/User:Rodolph
Dan Foy	http://www.flickr.com/people/71753457@N00
MillerX34	http://en.wikipedia.org
Chris 73	http://en.wikipedia.org/wiki/User:Chris_73
Bouncey2k	http://en.wikipedia.org
Brant Jones	http://en.wikipedia.org/wiki/User:Brant_Jones
Asiir	http://en.wikipedia.org/wiki/User:Asiir
Chris Bradley	http://en.wikipedia.org/wiki/User:ChrisBradley
Timothy H. O'Sullivan	http://en.wikipedia.org/wiki/Timothy_H._O%27Sullivan
JFKennedy	http://en.wikipedia.org
Pavel Novak	http://en.wikipedia.org
Ian Kiu	http://en.wikipedia.org
André Holdrinet	http://en.wikipedia.org
Arun Kulshreshtha	http://en.wikipedia.org
Jdforrester	http://en.wikipedia.org/wiki/User:Jdforrester
Francisco Manuel Blanco	\N
Karrackoo	http://de.wikipedia.org/wiki/Benutzer:Karrackoo
Darkone	http://de.wikipedia.org/wiki/Benutzer:Darkone
Gulliveig	http://en.wikipedia.org
Snowyowls	http://zh.wikipedia.org/wiki/User:Snowyowls
ExplicitImplicity	http://en.wikipedia.org/wiki/User:ExplicitImplicity
Oakenking	http://en.wikipedia.org
Dysprosia	http://en.wikipedia.org/wiki/User:Dysprosia
Abangmanuk	http://ms.wikipedia.org/wiki/Pengguna:Abangmanuk
Colegota	http://commons.wikimedia.org/wiki/User:Colegota
Eugene.shi	http://en.wikipedia.org
Sodpzzz	http://en.wikipedia.org
Wu Wei	\N
Dai Jin	\N
Zhou Chen	\N
Wen Zhengming	\N
Zhang Lu	\N
Lu Zhi	\N
Zhao Zuo	\N
Yun Shouping	\N
Christian Fischer	http://commons.wikimedia.org/wiki/User:Fice
Bobke	http://en.wikipedia.org
Louis le Grand	http://de.wikipedia.org/wiki/Benutzer:Louis_le_Grand
Dreier Carr	http://en.wikipedia.org
Johnteslade	http://en.wikipedia.org
Norro	http://en.wikipedia.org
Thechitowncubs	http://www.thechitowncubs.com/
Wilson Dias	http://www.agenciabrasil.gov.br/
Armin Kuebelbeck	http://en.wikipedia.org
RonaldW	http://en.wikipedia.org
Massimo Finizio	http://commons.wikimedia.org/wiki/User:Finizio
Stefan Pettersson	http://en.wikipedia.org
Stuart Seeger	http://flickr.com/photos/50203533@N00
Glenn Thomas	http://en.wikipedia.org/wiki/User:Windsok
Christophe Georgeval	http://en.wikipedia.org
Mr Barndoor	http://en.wikipedia.org/wiki/User:Mr_Barndoor
foxypar4	http://en.wikipedia.org
Tomisti	http://en.wikipedia.org
Lumijaguaari	http://en.wikipedia.org
Hfastedge	http://en.wikipedia.org/wiki/User:Hfastedge
Robert Lawton	http://commons.wikimedia.org/wiki/User:Rklawton
Fang Cui Lan	http://chinesenotes.com
ms4denmark	http://flickr.com/photos/ms4denmark/142009175/
Randy C. Bunney	http://en.wikipedia.org
Greg Bulla	http://www.gregbulla.com
Keith Finlay	http://en.wikipedia.org
Julienjess	http://en.wikipedia.org/wiki/User:Julienjess
BS Thurner Hof	http://de.wikipedia.org/wiki/Benutzer:BS_Thurner_Hof
Digitalme	http://en.wikipedia.org
Wilson Dias/Abr	http://www.agenciabrasil.gov.br/
brokenchopstick	http://www.flickr.com/photos/brokenchopstick/
BLW	http://en.wikipedia.org
Gonzo-wiki	http://en.wikipedia.org/wiki/User:Gonzo-wiki
pan Pavel Rycl	http://en.wikipedia.org
Trampqueen	http://en.wikipedia.org/wiki/User:Trampqueen
Tom Theobald	http://en.wikipedia.org
Gregory Phillips	http://en.wikipedia.org/wiki/User:Hadal
Michiel Jelijs	http://www.flickr.com/people/56658705@N00
Karen Blaha	http://www.flickr.com/people/14549450@N03
Thomas J. Sutter, Jr.	http://en.wikipedia.org
Jesus de Blas	http://www.flickr.com/people/56806023@N00
Alexisrael	http://commons.wikimedia.org/wiki/User:Alexisrael
Jeremykemp	http://en.wikipedia.org/wiki/User:Jeremykemp
Sander of Sweden	http://en.wikipedia.org
Etnoy	http://en.wikipedia.org/wiki/User:Etnoy
Byj2000	http://en.wikipedia.org
Aspen04	http://en.wikipedia.org
Voyager	http://en.wikipedia.org
Godofbiscuits	http://en.wikipedia.org
GeorgeStepanek	http://en.wikipedia.org
Joowwww	http://commons.wikimedia.org/wiki/User:Joowwww
Koryakov Yuri	http://en.wikipedia.org
Joseph N Hall	http://en.wikipedia.org/wiki/User:Joe_n_bloe
Zen	http://en.wikipedia.org
Rolf Müller	http://en.wikipedia.org
Farm	http://en.wikipedia.org
James Field	http://en.wikipedia.org
Raulbot	http://en.wikipedia.org
pixelverve.com	http://en.wikipedia.org
Rainer Zenz	http://en.wikipedia.org
Hariadhi	http://en.wikipedia.org
Jalessio	http://en.wikipedia.org
Brianiac	http://en.wikipedia.org/wiki/User:Brianiac
Tomomarusan	http://ja.wikipedia.org
Jamessilver	http://en.wikipedia.org
Loggie-log	http://commons.wikimedia.org/wiki/User:Loggie-log
Adrian Scottow	http://www.flickr.com/people/21208051@N00
Thor Erik M. Hansen	http://commons.wikimedia.org/wiki/User:TEMH
Alan Light	http://en.wikipedia.org/wiki/User:Alight
毛抜き	http://jp.wikipedia.org
Christian Bohr	http://commons.wikimedia.org/wiki/User:Thommess
Pavel Krok	http://en.wikipedia.org
Gila Brand	http://en.wikipedia.org/wiki/User:Gilabrand
Ddoherty	http://en.wikipedia.org
L.Miguel Bugallo Sánchez	http://commons.wikimedia.org/wiki/User:Lmbuga
Henrik Abelsson	http://commons.wikimedia.org/wiki/User:Abelsson
Dub	http://en.wikipedia.org
JakeLM	http://en.wikipedia.org
Andreas Tille	http://commons.wikimedia.org/wiki/User:Tillea
Shiftchange	http://en.wikipedia.org/wiki/User:Shiftchange
VAwebteam	http://en.wikipedia.org/wiki/User:VAwebteam
ChristianGlaeser	http://en.wikipedia.org
Spuggie	http://en.wikipedia.org
Arthurrh	http://commons.wikimedia.org/wiki/User:Arthurrh
Zollernalb	http://en.wikipedia.org
CharlesDavid	http://en.wikipedia.org
PKM	http://en.wikipedia.org
Liftarn	http://en.wikipedia.org
Branddobbe	http://en.wikipedia.org/wiki/User:Branddobbe
Bobanny	http://commons.wikimedia.org/wiki/User:Bobanny
Sese_Ingolstadt	http://de.wikipedia.org/wiki/Benutzer:Sese_Ingolstadt
JoJan	http://en.wikipedia.org/wiki/User:JoJan
Benh LIEU SONG	http://commons.wikimedia.org/wiki/User:Benh
Mark Allyn	http://en.wikipedia.org
Thegreenj	http://commons.wikimedia.org/wiki/User:Thegreenj
Dmgerman	http://turingmachine.org/blog/
Dark hyena	http://en.wikipedia.org/wiki/User:Dark_hyena
Alan D. Wilson	http://www.naturespicsonline.com/
Robin Chen	http://en.wikipedia.org
Rabensteiner	http://en.wikipedia.org
Yan Zhenqing	\N
Ouyang Xun	\N
KENPEI	http://en.wikipedia.org
Shazz	http://commons.wikimedia.org/wiki/User:Shazz
onwardtibet.org	http://www.onwardtibet.org/index.html
Shizhao	http://commons.wikimedia.org/wiki/User:Shizhao
